,precision,recall,f1-score,support
-1.0,0.518092265678338,0.535699878983461,0.5267489711934157,9916.0
1.0,0.5303478526981537,0.5127218934911243,0.5213859499573785,10140.0
accuracy,0.5240825688073395,0.5240825688073395,0.5240825688073395,0.5240825688073395
macro avg,0.5242200591882458,0.5242108862372927,0.5240674605753971,20056.0
weighted avg,0.5242884988445192,0.5240825688073395,0.5240375115138477,20056.0
