,precision,recall,f1-score,support
-1.0,0.526036423538025,0.5398703860242322,0.5328636321498099,10647.0
1.0,0.5378301886792453,0.5239889705882353,0.5308193668528864,10880.0
accuracy,0.5318437311283505,0.5318437311283505,0.5318437311283505,0.5318437311283505
macro avg,0.5319333061086351,0.5319296783062337,0.5318414995013482,21527.0
weighted avg,0.5319971317062081,0.5318437311283505,0.531830436329188,21527.0
