,precision,recall,f1-score,support
-1.0,0.5182278481012659,0.5111111111111111,0.5146448774355751,4005.0
1.0,0.4962696166709545,0.5033924843423799,0.4998056743101438,3832.0
accuracy,0.5073369911956106,0.5073369911956106,0.5073369911956106,0.5073369911956106
macro avg,0.5072487323861101,0.5072517977267454,0.5072252758728595,7837.0
weighted avg,0.5074910938788654,0.5073369911956106,0.5073890618968929,7837.0
